W,0x0,10
W,0x4,20
W,0x8,30
W,0xC,40
R,0x0,
R,0x4,
W,0x8,35
R,0xC,
W,0x10,50
W,0x14,60
W,0x18,70
R,0x10,
R,0x14,
W,0x18,75
W,0x1C,80
W,0x20,90
R,0x1C,
R,0x20,
W,0x24,100
W,0x28,110
W,0x2C,120
R,0x24,
R,0x28,
W,0x2C,125
W,0x30,130
W,0x34,140
R,0x30,
R,0x34,
W,0x38,150
W,0x3C,160
W,0x40,170
R,0x38,
R,0x3C,
W,0x40,175
W,0x44,180
W,0x48,190
R,0x44,
R,0x48,
W,0x4C,200
W,0x50,210
W,0x54,220
R,0x50,
R,0x54,
W,0x58,225
W,0x5C,230
W,0x60,240
R,0x5C,
R,0x60,
W,0x64,250
W,0x68,260
W,0x6C,270
R,0x68,
R,0x6C,
W,0x70,275
W,0x74,280
W,0x78,290
R,0x74,
R,0x78,
W,0x7C,295
W,0x80,300
W,0x84,310
R,0x80,
R,0x84,
W,0x88,315
W,0x8C,320
W,0x90,330
R,0x8C,
R,0x90,
W,0x94,335
W,0x98,340
W,0x9C,350
R,0x98,
R,0x9C,
W,0xA0,355
W,0xA4,360
W,0xA8,370
R,0xA4,
R,0xA8,
W,0xAC,375
W,0xB0,380
W,0xB4,390
R,0xB0,
R,0xB4,
W,0xB8,395
W,0xBC,400
W,0xC0,410
R,0xBC,
R,0xC0,
W,0xC4,415
W,0xC8,420
W,0xCC,430
R,0xC8,
R,0xCC,
W,0xD0,435
W,0xD4,440
W,0xD8,450
R,0xD4,
R,0xD8,
W,0xDC,455
W,0xE0,460
W,0xE4,470
R,0xE0,
R,0xE4,
W,0xE8,475
W,0xEC,480
W,0xF0,490
R,0xEC,
R,0xF0,
W,0xF4,495
W,0xF8,500
W,0xFC,510
R,0xF8,
R,0xFC,
W,0x100,515
W,0x104,520
W,0x108,530
R,0x104,
R,0x108,
W,0x10C,535
W,0x110,540
W,0x114,550
R,0x110,
R,0x114,
W,0x118,555
W,0x11C,560
W,0x120,570
R,0x11C,
R,0x120,
W,0x124,575
W,0x128,580
W,0x12C,590
R,0x128,
R,0x12C,
W,0x130,595
W,0x134,600
W,0x138,610
R,0x134,
R,0x138,
W,0x13C,615
W,0x140,620
W,0x144,630
R,0x140,
R,0x144,
W,0x148,635
W,0x14C,640
W,0x150,650
R,0x14C,
R,0x150,
W,0x154,655
W,0x158,660
W,0x15C,670
R,0x158,
R,0x15C,
W,0x160,675
W,0x164,680
W,0x168,690
R,0x164,
R,0x168,
W,0x16C,695
W,0x170,700
W,0x174,710
R,0x170,
R,0x174,
W,0x178,715
W,0x17C,720
W,0x180,730
R,0x17C,
R,0x180,
W,0x184,735
W,0x188,740
W,0x18C,750
R,0x188,
R,0x18C,
W,0x190,755
W,0x194,760
W,0x198,770
R,0x194,
R,0x198,
W,0x19C,775
W,0x1A0,780
W,0x1A4,790
R,0x1A0,
R,0x1A4,
W,0x1A8,795
W,0x1AC,800
W,0x1B0,810
R,0x1AC,
R,0x1B0,
W,0x1B4,815
W,0x1B8,820
W,0x1BC,830
R,0x1B8,
R,0x1BC,
W,0x1C0,835
W,0x1C4,840
W,0x1C8,850
R,0x1C4,
R,0x1C8,
W,0x1CC,855
W,0x1D0,860
W,0x1D4,870
R,0x1D0,
R,0x1D4,
W,0x1D8,875
W,0x1DC,880
W,0x1E0,890
R,0x1DC,
R,0x1E0,
W,0x1E4,895
W,0x1E8,900
W,0x1EC,910
R,0x1E8,
R,0x1EC,
W,0x1F0,915
W,0x1F4,920
W,0x1F8,930
R,0x1F4,
R,0x1F8,
W,0x1FC,935